{
  "registration_recall": 0.0016666666666666668,
  "inlier_rate": 0.0003888753928379878,
  "feature_matching_recall": 0.011666666666666667,
  "num_runs": 3,
  "individual_runs": {
    "rr": 0.0016666666666666668,
    "ir": 0.0003888753928379878,
    "fmr": 0.011666666666666667
  }
}