{
  "registration_recall": 0.0,
  "inlier_rate": 1.2144388979261362e-05,
  "feature_matching_recall": 0.0,
  "num_runs": 3,
  "individual_runs": {
    "rr": 0.0,
    "ir": 1.2144388979261362e-05,
    "fmr": 0.0
  }
}